?,Chn.,Seq.,Res.,Atom,Calc.,Exp.,Err.,Dev.
 ,A,0  ,MET,N     ,  0.063,    nan,    nan,    nan
 ,A,0  ,MET,CA    ,  0.057,    nan,    nan,    nan
 ,A,0  ,MET,C     ,  0.033,    nan,    nan,    nan
 ,A,0  ,MET,O     ,  0.019,    nan,    nan,    nan
 ,A,0  ,MET,CB    ,  0.086,    nan,    nan,    nan
 ,A,0  ,MET,H     ,  0.046,    nan,    nan,    nan
 ,A,0  ,MET,HA1   ,  0.052,    nan,    nan,    nan
 ,A,0  ,MET,HA2   ,  0.072,    nan,    nan,    nan
 ,A,1  ,LYS,N     ,  0.025,    nan,    nan,    nan
 ,A,1  ,LYS,CA    , -0.008,    nan,    nan,    nan
 ,A,1  ,LYS,C     , -0.029,    nan,    nan,    nan
 ,A,1  ,LYS,O     , -0.011,    nan,    nan,    nan
 ,A,1  ,LYS,CB    , -0.008,    nan,    nan,    nan
 ,A,1  ,LYS,CG    ,  0.009,    nan,    nan,    nan
 ,A,1  ,LYS,CD    ,  0.024,    nan,    nan,    nan
 ,A,1  ,LYS,CE    ,  0.050,    nan,    nan,    nan
 ,A,1  ,LYS,NZ    ,  0.021,    nan,    nan,    nan
 ,A,1  ,LYS,H     ,  0.041,    nan,    nan,    nan
 ,A,1  ,LYS,HA    , -0.020,    nan,    nan,    nan
x,A,2  ,SER,N     , -0.061, -0.034,  0.000,  0.027
 ,A,2  ,SER,CA    , -0.082,    nan,    nan,    nan
 ,A,2  ,SER,C     , -0.116,    nan,    nan,    nan
 ,A,2  ,SER,O     , -0.128,    nan,    nan,    nan
 ,A,2  ,SER,CB    , -0.102,    nan,    nan,    nan
 ,A,2  ,SER,OG    , -0.125,    nan,    nan,    nan
x,A,2  ,SER,H     , -0.067, -0.049,  0.000,  0.018
 ,A,2  ,SER,HA    , -0.062,    nan,    nan,    nan
 ,A,3  ,PRO,N     , -0.133,    nan,    nan,    nan
 ,A,3  ,PRO,CA    , -0.187,    nan,    nan,    nan
 ,A,3  ,PRO,C     , -0.253,    nan,    nan,    nan
 ,A,3  ,PRO,O     , -0.314,    nan,    nan,    nan
 ,A,3  ,PRO,CB    , -0.193,    nan,    nan,    nan
 ,A,3  ,PRO,CG    , -0.127,    nan,    nan,    nan
 ,A,3  ,PRO,CD    , -0.114,    nan,    nan,    nan
 ,A,3  ,PRO,HA    , -0.176,    nan,    nan,    nan
x,A,4  ,GLU,N     , -0.247, -0.212,  0.000,  0.035
 ,A,4  ,GLU,CA    , -0.290,    nan,    nan,    nan
 ,A,4  ,GLU,C     , -0.281,    nan,    nan,    nan
 ,A,4  ,GLU,O     , -0.330,    nan,    nan,    nan
 ,A,4  ,GLU,CB    , -0.264,    nan,    nan,    nan
 ,A,4  ,GLU,CG    , -0.290,    nan,    nan,    nan
 ,A,4  ,GLU,CD    , -0.361,    nan,    nan,    nan
 ,A,4  ,GLU,OE1   , -0.391,    nan,    nan,    nan
 ,A,4  ,GLU,OE2   , -0.396,    nan,    nan,    nan
x,A,4  ,GLU,H     , -0.211, -0.185,  0.000,  0.027
 ,A,4  ,GLU,HA    , -0.355,    nan,    nan,    nan
x,A,5  ,GLU,N     , -0.218, -0.201,  0.000,  0.017
 ,A,5  ,GLU,CA    , -0.195,    nan,    nan,    nan
 ,A,5  ,GLU,C     , -0.208,    nan,    nan,    nan
 ,A,5  ,GLU,O     , -0.219,    nan,    nan,    nan
 ,A,5  ,GLU,CB    , -0.136,    nan,    nan,    nan
 ,A,5  ,GLU,CG    , -0.106,    nan,    nan,    nan
 ,A,5  ,GLU,CD    , -0.071,    nan,    nan,    nan
 ,A,5  ,GLU,OE1   , -0.068,    nan,    nan,    nan
 ,A,5  ,GLU,OE2   , -0.054,    nan,    nan,    nan
x,A,5  ,GLU,H     , -0.187, -0.164,  0.000,  0.023
 ,A,5  ,GLU,HA    , -0.211,    nan,    nan,    nan
x,A,6  ,LEU,N     , -0.200, -0.186,  0.000,  0.013
 ,A,6  ,LEU,CA    , -0.197,    nan,    nan,    nan
 ,A,6  ,LEU,C     , -0.332,    nan,    nan,    nan
 ,A,6  ,LEU,O     , -0.353,    nan,    nan,    nan
 ,A,6  ,LEU,CB    , -0.154,    nan,    nan,    nan
 ,A,6  ,LEU,CG    , -0.084,    nan,    nan,    nan
 ,A,6  ,LEU,CD1   ,  0.038,    nan,    nan,    nan
 ,A,6  ,LEU,CD2   , -0.045,    nan,    nan,    nan
x,A,6  ,LEU,H     , -0.185, -0.168,  0.000,  0.017
 ,A,6  ,LEU,HA    , -0.139,    nan,    nan,    nan
x,A,7  ,LYS,N     , -0.421, -0.406,  0.000,  0.015
 ,A,7  ,LYS,CA    , -0.604,    nan,    nan,    nan
 ,A,7  ,LYS,C     , -0.593,    nan,    nan,    nan
 ,A,7  ,LYS,O     , -0.725,    nan,    nan,    nan
 ,A,7  ,LYS,CB    , -0.667,    nan,    nan,    nan
 ,A,7  ,LYS,CG    , -0.889,    nan,    nan,    nan
 ,A,7  ,LYS,CD    , -0.913,    nan,    nan,    nan
 ,A,7  ,LYS,CE    , -1.144,    nan,    nan,    nan
 ,A,7  ,LYS,NZ    , -1.257,    nan,    nan,    nan
x,A,7  ,LYS,H     , -0.377, -0.363,  0.000,  0.013
 ,A,7  ,LYS,HA    , -0.702,    nan,    nan,    nan
x,A,8  ,GLY,N     , -0.463, -0.419,  0.000,  0.044
 ,A,8  ,GLY,CA    , -0.432,    nan,    nan,    nan
 ,A,8  ,GLY,C     , -0.396,    nan,    nan,    nan
 ,A,8  ,GLY,O     , -0.410,    nan,    nan,    nan
x,A,8  ,GLY,H     , -0.400, -0.373,  0.000,  0.026
 ,A,8  ,GLY,HA1   , -0.363,    nan,    nan,    nan
 ,A,8  ,GLY,HA2   , -0.502,    nan,    nan,    nan
x,A,9  ,ILE,N     , -0.331, -0.325,  0.000,  0.006
 ,A,9  ,ILE,CA    , -0.260,    nan,    nan,    nan
 ,A,9  ,ILE,C     , -0.348,    nan,    nan,    nan
 ,A,9  ,ILE,O     , -0.336,    nan,    nan,    nan
 ,A,9  ,ILE,CB    , -0.145,    nan,    nan,    nan
 ,A,9  ,ILE,CG1   , -0.115,    nan,    nan,    nan
 ,A,9  ,ILE,CG2   , -0.061,    nan,    nan,    nan
 ,A,9  ,ILE,CD1   , -0.050,    nan,    nan,    nan
x,A,9  ,ILE,H     , -0.313, -0.291,  0.000,  0.022
 ,A,9  ,ILE,HA    , -0.230,    nan,    nan,    nan
x,A,10 ,PHE,N     , -0.438, -0.468,  0.000,  0.030
 ,A,10 ,PHE,CA    , -0.628,    nan,    nan,    nan
 ,A,10 ,PHE,C     , -0.795,    nan,    nan,    nan
 ,A,10 ,PHE,O     , -0.830,    nan,    nan,    nan
 ,A,10 ,PHE,CB    , -0.862,    nan,    nan,    nan
 ,A,10 ,PHE,CG    , -1.340,    nan,    nan,    nan
 ,A,10 ,PHE,CD1   , -1.812,    nan,    nan,    nan
 ,A,10 ,PHE,CD2   , -1.242,    nan,    nan,    nan
 ,A,10 ,PHE,CE1   , -2.758,    nan,    nan,    nan
 ,A,10 ,PHE,CE2   , -2.136,    nan,    nan,    nan
 ,A,10 ,PHE,CZ    , -3.312,    nan,    nan,    nan
x,A,10 ,PHE,H     , -0.414, -0.452,  0.000,  0.038
 ,A,10 ,PHE,HA    , -0.480,    nan,    nan,    nan
x,A,11 ,GLU,N     , -0.847, -0.839,  0.000,  0.008
 ,A,11 ,GLU,CA    , -0.897,    nan,    nan,    nan
 ,A,11 ,GLU,C     , -0.725,    nan,    nan,    nan
 ,A,11 ,GLU,O     , -0.761,    nan,    nan,    nan
 ,A,11 ,GLU,CB    , -0.828,    nan,    nan,    nan
 ,A,11 ,GLU,CG    , -1.000,    nan,    nan,    nan
 ,A,11 ,GLU,CD    , -0.875,    nan,    nan,    nan
 ,A,11 ,GLU,OE1   , -0.722,    nan,    nan,    nan
 ,A,11 ,GLU,OE2   , -0.929,    nan,    nan,    nan
x,A,11 ,GLU,H     , -0.797, -0.764,  0.000,  0.034
 ,A,11 ,GLU,HA    , -1.133,    nan,    nan,    nan
x,A,12 ,LYS,N     , -0.543, -0.537,  0.000,  0.007
 ,A,12 ,LYS,CA    , -0.424,    nan,    nan,    nan
 ,A,12 ,LYS,C     , -0.401,    nan,    nan,    nan
 ,A,12 ,LYS,O     , -0.365,    nan,    nan,    nan
 ,A,12 ,LYS,CB    , -0.318,    nan,    nan,    nan
 ,A,12 ,LYS,CG    , -0.225,    nan,    nan,    nan
 ,A,12 ,LYS,CD    , -0.173,    nan,    nan,    nan
 ,A,12 ,LYS,CE    , -0.164,    nan,    nan,    nan
 ,A,12 ,LYS,NZ    , -0.171,    nan,    nan,    nan
x,A,12 ,LYS,H     , -0.506, -0.504,  0.000,  0.001
 ,A,12 ,LYS,HA    , -0.436,    nan,    nan,    nan
x,A,13 ,TYR,N     , -0.399, -0.413,  0.000,  0.013
 ,A,13 ,TYR,CA    , -0.317,    nan,    nan,    nan
 ,A,13 ,TYR,C     , -0.485,    nan,    nan,    nan
 ,A,13 ,TYR,O     , -0.403,    nan,    nan,    nan
 ,A,13 ,TYR,CB    , -0.166,    nan,    nan,    nan
 ,A,13 ,TYR,CG    , -0.053,    nan,    nan,    nan
 ,A,13 ,TYR,CD1   , -0.088,    nan,    nan,    nan
 ,A,13 ,TYR,CD2   ,  0.027,    nan,    nan,    nan
 ,A,13 ,TYR,CE1   , -0.028,    nan,    nan,    nan
 ,A,13 ,TYR,CE2   ,  0.054,    nan,    nan,    nan
 ,A,13 ,TYR,CZ    ,  0.023,    nan,    nan,    nan
 ,A,13 ,TYR,OH    ,  0.040,    nan,    nan,    nan
x,A,13 ,TYR,H     , -0.429, -0.424,  0.000,  0.005
 ,A,13 ,TYR,HA    , -0.239,    nan,    nan,    nan
x,A,14 ,ALA,N     , -0.742, -0.793,  0.000,  0.051
 ,A,14 ,ALA,CA    , -1.080,    nan,    nan,    nan
 ,A,14 ,ALA,C     , -0.994,    nan,    nan,    nan
 ,A,14 ,ALA,O     , -1.041,    nan,    nan,    nan
 ,A,14 ,ALA,CB    , -1.604,    nan,    nan,    nan
x,A,14 ,ALA,H     , -0.764, -0.809,  0.000,  0.045
 ,A,14 ,ALA,HA    , -1.025,    nan,    nan,    nan
x,A,15 ,ALA,N     , -0.824, -0.796,  0.000,  0.029
 ,A,15 ,ALA,CA    , -0.722,    nan,    nan,    nan
 ,A,15 ,ALA,C     , -0.540,    nan,    nan,    nan
 ,A,15 ,ALA,O     , -0.477,    nan,    nan,    nan
 ,A,15 ,ALA,CB    , -0.658,    nan,    nan,    nan
x,A,15 ,ALA,H     , -0.756, -0.762,  0.000,  0.007
 ,A,15 ,ALA,HA    , -0.835,    nan,    nan,    nan
x,A,16 ,LYS,N     , -0.450, -0.462,  0.000,  0.012
 ,A,16 ,LYS,CA    , -0.311,    nan,    nan,    nan
 ,A,16 ,LYS,C     , -0.288,    nan,    nan,    nan
 ,A,16 ,LYS,O     , -0.223,    nan,    nan,    nan
 ,A,16 ,LYS,CB    , -0.208,    nan,    nan,    nan
 ,A,16 ,LYS,CG    , -0.204,    nan,    nan,    nan
 ,A,16 ,LYS,CD    , -0.106,    nan,    nan,    nan
 ,A,16 ,LYS,CE    , -0.099,    nan,    nan,    nan
 ,A,16 ,LYS,NZ    , -0.118,    nan,    nan,    nan
x,A,16 ,LYS,H     , -0.479, -0.488,  0.000,  0.009
 ,A,16 ,LYS,HA    , -0.298,    nan,    nan,    nan
x,A,17 ,GLU,N     , -0.351, -0.340,  0.000,  0.012
 ,A,17 ,GLU,CA    , -0.294,    nan,    nan,    nan
 ,A,17 ,GLU,C     , -0.414,    nan,    nan,    nan
 ,A,17 ,GLU,O     , -0.592,    nan,    nan,    nan
 ,A,17 ,GLU,CB    , -0.159,    nan,    nan,    nan
 ,A,17 ,GLU,CG    , -0.102,    nan,    nan,    nan
 ,A,17 ,GLU,CD    ,  0.056,    nan,    nan,    nan
 ,A,17 ,GLU,OE1   ,  0.060,    nan,    nan,    nan
 ,A,17 ,GLU,OE2   ,  0.175,    nan,    nan,    nan
x,A,17 ,GLU,H     , -0.451, -0.425,  0.000,  0.026
 ,A,17 ,GLU,HA    , -0.265,    nan,    nan,    nan
x,A,18 ,GLY,N     , -0.343, -0.358,  0.000,  0.015
 ,A,18 ,GLY,CA    , -0.430,    nan,    nan,    nan
 ,A,18 ,GLY,C     , -0.667,    nan,    nan,    nan
 ,A,18 ,GLY,O     , -0.655,    nan,    nan,    nan
x,A,18 ,GLY,H     , -0.250, -0.255,  0.000,  0.004
 ,A,18 ,GLY,HA1   , -0.412,    nan,    nan,    nan
 ,A,18 ,GLY,HA2   , -0.336,    nan,    nan,    nan
x,A,19 ,ASP,N     , -0.947, -0.937,  0.000,  0.009
 ,A,19 ,ASP,CA    , -1.350,    nan,    nan,    nan
 ,A,19 ,ASP,C     , -1.455,    nan,    nan,    nan
 ,A,19 ,ASP,O     , -1.586,    nan,    nan,    nan
 ,A,19 ,ASP,CB    , -1.964,    nan,    nan,    nan
 ,A,19 ,ASP,CG    , -2.417,    nan,    nan,    nan
 ,A,19 ,ASP,OD1   , -2.313,    nan,    nan,    nan
 ,A,19 ,ASP,OD2   , -2.863,    nan,    nan,    nan
x,A,19 ,ASP,H     , -0.906, -0.869,  0.000,  0.037
 ,A,19 ,ASP,HA    , -1.156,    nan,    nan,    nan
 ,A,20 ,PRO,N     , -1.273,    nan,    nan,    nan
 ,A,20 ,PRO,CA    , -1.205,    nan,    nan,    nan
 ,A,20 ,PRO,C     , -1.594,    nan,    nan,    nan
 ,A,20 ,PRO,O     , -1.449,    nan,    nan,    nan
 ,A,20 ,PRO,CB    , -0.922,    nan,    nan,    nan
 ,A,20 ,PRO,CG    , -0.932,    nan,    nan,    nan
 ,A,20 ,PRO,CD    , -1.033,    nan,    nan,    nan
 ,A,20 ,PRO,HA    , -1.077,    nan,    nan,    nan
x,A,21 ,ASN,N     , -2.112, -2.097,  0.000,  0.015
 ,A,21 ,ASN,CA    , -2.631,    nan,    nan,    nan
 ,A,21 ,ASN,C     , -3.750,    nan,    nan,    nan
 ,A,21 ,ASN,O     , -4.560,    nan,    nan,    nan
 ,A,21 ,ASN,CB    , -2.648,    nan,    nan,    nan
 ,A,21 ,ASN,CG    , -1.836,    nan,    nan,    nan
 ,A,21 ,ASN,ND2   , -1.562,    nan,    nan,    nan
 ,A,21 ,ASN,OD1   , -1.580,    nan,    nan,    nan
x,A,21 ,ASN,H     , -2.161, -2.184,  0.000,  0.023
 ,A,21 ,ASN,HA    , -2.210,    nan,    nan,    nan
 ,A,22 ,GLN,N     , -3.949,    nan,    nan,    nan
 ,A,22 ,GLN,CA    , -5.296,    nan,    nan,    nan
 ,A,22 ,GLN,C     , -3.399,    nan,    nan,    nan
 ,A,22 ,GLN,O     , -2.245,    nan,    nan,    nan
 ,A,22 ,GLN,CB    , -8.289,    nan,    nan,    nan
 ,A,22 ,GLN,CG    , -9.882,    nan,    nan,    nan
 ,A,22 ,GLN,CD    ,-14.774,    nan,    nan,    nan
 ,A,22 ,GLN,NE2   , -8.119,    nan,    nan,    nan
 ,A,22 ,GLN,OE1   ,-29.102,    nan,    nan,    nan
 ,A,22 ,GLN,H     , -3.102,    nan,    nan,    nan
 ,A,22 ,GLN,HA    , -5.943,    nan,    nan,    nan
 ,A,23 ,LEU,N     , -2.924,    nan,    nan,    nan
 ,A,23 ,LEU,CA    , -0.944,    nan,    nan,    nan
 ,A,23 ,LEU,C     ,  0.017,    nan,    nan,    nan
 ,A,23 ,LEU,O     ,  1.041,    nan,    nan,    nan
 ,A,23 ,LEU,CB    ,  0.058,    nan,    nan,    nan
 ,A,23 ,LEU,CG    , -0.396,    nan,    nan,    nan
 ,A,23 ,LEU,CD1   ,  0.392,    nan,    nan,    nan
 ,A,23 ,LEU,CD2   , -0.343,    nan,    nan,    nan
 ,A,23 ,LEU,H     , -4.109,    nan,    nan,    nan
 ,A,23 ,LEU,HA    , -0.950,    nan,    nan,    nan
 ,A,24 ,SER,N     ,  0.251,    nan,    nan,    nan
 ,A,24 ,SER,CA    ,  0.880,    nan,    nan,    nan
 ,A,24 ,SER,C     ,  1.479,    nan,    nan,    nan
 ,A,24 ,SER,O     ,  1.374,    nan,    nan,    nan
 ,A,24 ,SER,CB    ,  0.474,    nan,    nan,    nan
 ,A,24 ,SER,OG    ,  0.384,    nan,    nan,    nan
 ,A,24 ,SER,H     , -0.068,    nan,    nan,    nan
 ,A,24 ,SER,HA    ,  1.148,    nan,    nan,    nan
 ,A,25 ,LYS,N     ,  1.728,    nan,    nan,    nan
 ,A,25 ,LYS,CA    ,  1.795,    nan,    nan,    nan
 ,A,25 ,LYS,C     ,  1.239,    nan,    nan,    nan
 ,A,25 ,LYS,O     ,  1.242,    nan,    nan,    nan
 ,A,25 ,LYS,CB    ,  1.618,    nan,    nan,    nan
 ,A,25 ,LYS,CG    ,  1.469,    nan,    nan,    nan
 ,A,25 ,LYS,CD    ,  1.100,    nan,    nan,    nan
 ,A,25 ,LYS,CE    ,  1.170,    nan,    nan,    nan
 ,A,25 ,LYS,NZ    ,  0.741,    nan,    nan,    nan
 ,A,25 ,LYS,H     ,  1.646,    nan,    nan,    nan
 ,A,25 ,LYS,HA    ,  2.329,    nan,    nan,    nan
x,A,26 ,GLU,N     ,  0.895,  0.825,  0.000,  0.071
 ,A,26 ,GLU,CA    ,  0.652,    nan,    nan,    nan
 ,A,26 ,GLU,C     ,  0.588,    nan,    nan,    nan
 ,A,26 ,GLU,O     ,  0.513,    nan,    nan,    nan
 ,A,26 ,GLU,CB    ,  0.470,    nan,    nan,    nan
 ,A,26 ,GLU,CG    ,  0.354,    nan,    nan,    nan
 ,A,26 ,GLU,CD    ,  0.287,    nan,    nan,    nan
 ,A,26 ,GLU,OE1   ,  0.268,    nan,    nan,    nan
 ,A,26 ,GLU,OE2   ,  0.257,    nan,    nan,    nan
x,A,26 ,GLU,H     ,  0.849,  0.845,  0.000,  0.004
 ,A,26 ,GLU,HA    ,  0.669,    nan,    nan,    nan
x,A,27 ,GLU,N     ,  0.546,  0.525,  0.000,  0.021
 ,A,27 ,GLU,CA    ,  0.395,    nan,    nan,    nan
 ,A,27 ,GLU,C     ,  0.587,    nan,    nan,    nan
 ,A,27 ,GLU,O     ,  0.456,    nan,    nan,    nan
 ,A,27 ,GLU,CB    ,  0.141,    nan,    nan,    nan
 ,A,27 ,GLU,CG    , -0.051,    nan,    nan,    nan
 ,A,27 ,GLU,CD    , -0.331,    nan,    nan,    nan
 ,A,27 ,GLU,OE1   , -0.477,    nan,    nan,    nan
 ,A,27 ,GLU,OE2   , -0.436,    nan,    nan,    nan
x,A,27 ,GLU,H     ,  0.566,  0.593,  0.000,  0.026
 ,A,27 ,GLU,HA    ,  0.283,    nan,    nan,    nan
x,A,28 ,LEU,N     ,  0.961,  1.004,  0.000,  0.043
 ,A,28 ,LEU,CA    ,  1.203,    nan,    nan,    nan
 ,A,28 ,LEU,C     ,  0.990,    nan,    nan,    nan
 ,A,28 ,LEU,O     ,  0.866,    nan,    nan,    nan
 ,A,28 ,LEU,CB    ,  1.894,    nan,    nan,    nan
 ,A,28 ,LEU,CG    ,  2.076,    nan,    nan,    nan
 ,A,28 ,LEU,CD1   ,  1.914,    nan,    nan,    nan
 ,A,28 ,LEU,CD2   ,  2.939,    nan,    nan,    nan
x,A,28 ,LEU,H     ,  1.139,  1.174,  0.000,  0.035
 ,A,28 ,LEU,HA    ,  1.069,    nan,    nan,    nan
x,A,29 ,LYS,N     ,  0.931,  0.997,  0.000,  0.066
 ,A,29 ,LYS,CA    ,  0.749,    nan,    nan,    nan
 ,A,29 ,LYS,C     ,  0.567,    nan,    nan,    nan
 ,A,29 ,LYS,O     ,  0.515,    nan,    nan,    nan
 ,A,29 ,LYS,CB    ,  0.690,    nan,    nan,    nan
 ,A,29 ,LYS,CG    ,  0.553,    nan,    nan,    nan
 ,A,29 ,LYS,CD    ,  0.503,    nan,    nan,    nan
 ,A,29 ,LYS,CE    ,  0.586,    nan,    nan,    nan
 ,A,29 ,LYS,NZ    ,  0.494,    nan,    nan,    nan
x,A,29 ,LYS,H     ,  1.006,  1.029,  0.000,  0.024
 ,A,29 ,LYS,HA    ,  0.805,    nan,    nan,    nan
x,A,30 ,LEU,N     ,  0.468,  0.489,  0.000,  0.020
 ,A,30 ,LEU,CA    ,  0.339,    nan,    nan,    nan
 ,A,30 ,LEU,C     ,  0.327,    nan,    nan,    nan
 ,A,30 ,LEU,O     ,  0.280,    nan,    nan,    nan
 ,A,30 ,LEU,CB    ,  0.247,    nan,    nan,    nan
 ,A,30 ,LEU,CG    ,  0.234,    nan,    nan,    nan
 ,A,30 ,LEU,CD1   ,  0.151,    nan,    nan,    nan
 ,A,30 ,LEU,CD2   ,  0.215,    nan,    nan,    nan
x,A,30 ,LEU,H     ,  0.488,  0.498,  0.000,  0.010
x,A,31 ,LEU,N     ,  0.368,  0.371,  0.000,  0.003
 ,A,31 ,LEU,CA    ,  0.336,    nan,    nan,    nan
 ,A,31 ,LEU,C     ,  0.404,    nan,    nan,    nan
 ,A,31 ,LEU,O     ,  0.319,    nan,    nan,    nan
 ,A,31 ,LEU,CB    ,  0.353,    nan,    nan,    nan
 ,A,31 ,LEU,CG    ,  0.253,    nan,    nan,    nan
 ,A,31 ,LEU,CD1   ,  0.160,    nan,    nan,    nan
 ,A,31 ,LEU,CD2   ,  0.377,    nan,    nan,    nan
x,A,31 ,LEU,H     ,  0.421,  0.427,  0.000,  0.006
 ,A,31 ,LEU,HA    ,  0.231,    nan,    nan,    nan
x,A,32 ,LEU,N     ,  0.536,  0.563,  0.000,  0.027
 ,A,32 ,LEU,CA    ,  0.560,    nan,    nan,    nan
 ,A,32 ,LEU,C     ,  0.446,    nan,    nan,    nan
 ,A,32 ,LEU,O     ,  0.391,    nan,    nan,    nan
 ,A,32 ,LEU,CB    ,  0.721,    nan,    nan,    nan
 ,A,32 ,LEU,CG    ,  0.928,    nan,    nan,    nan
 ,A,32 ,LEU,CD1   ,  1.101,    nan,    nan,    nan
 ,A,32 ,LEU,CD2   ,  0.852,    nan,    nan,    nan
x,A,32 ,LEU,H     ,  0.628,  0.637,  0.000,  0.009
 ,A,32 ,LEU,HA    ,  0.541,    nan,    nan,    nan
x,A,33 ,GLN,N     ,  0.423,  0.418,  0.000,  0.005
 ,A,33 ,GLN,CA    ,  0.346,    nan,    nan,    nan
 ,A,33 ,GLN,C     ,  0.278,    nan,    nan,    nan
 ,A,33 ,GLN,O     ,  0.246,    nan,    nan,    nan
 ,A,33 ,GLN,CB    ,  0.323,    nan,    nan,    nan
 ,A,33 ,GLN,CG    ,  0.361,    nan,    nan,    nan
 ,A,33 ,GLN,CD    ,  0.313,    nan,    nan,    nan
 ,A,33 ,GLN,NE2   ,  0.321,    nan,    nan,    nan
 ,A,33 ,GLN,OE1   ,  0.269,    nan,    nan,    nan
x,A,33 ,GLN,H     ,  0.464,  0.441,  0.000,  0.024
 ,A,33 ,GLN,HA    ,  0.356,    nan,    nan,    nan
x,A,34 ,THR,N     ,  0.255,  0.253,  0.000,  0.002
 ,A,34 ,THR,CA    ,  0.194,    nan,    nan,    nan
 ,A,34 ,THR,C     ,  0.187,    nan,    nan,    nan
 ,A,34 ,THR,O     ,  0.158,    nan,    nan,    nan
 ,A,34 ,THR,CB    ,  0.155,    nan,    nan,    nan
 ,A,34 ,THR,CG2   ,  0.103,    nan,    nan,    nan
 ,A,34 ,THR,OG1   ,  0.159,    nan,    nan,    nan
x,A,34 ,THR,H     ,  0.281,  0.269,  0.000,  0.013
 ,A,34 ,THR,HA    ,  0.179,    nan,    nan,    nan
x,A,35 ,GLU,N     ,  0.213,  0.202,  0.000,  0.012
 ,A,35 ,GLU,CA    ,  0.194,    nan,    nan,    nan
 ,A,35 ,GLU,C     ,  0.231,    nan,    nan,    nan
 ,A,35 ,GLU,O     ,  0.204,    nan,    nan,    nan
 ,A,35 ,GLU,CB    ,  0.174,    nan,    nan,    nan
 ,A,35 ,GLU,CG    ,  0.117,    nan,    nan,    nan
 ,A,35 ,GLU,CD    ,  0.057,    nan,    nan,    nan
 ,A,35 ,GLU,OE1   ,  0.053,    nan,    nan,    nan
 ,A,35 ,GLU,OE2   ,  0.023,    nan,    nan,    nan
x,A,35 ,GLU,H     ,  0.251,  0.240,  0.000,  0.011
 ,A,35 ,GLU,HA    ,  0.158,    nan,    nan,    nan
x,A,36 ,PHE,N     ,  0.298,  0.277,  0.000,  0.021
 ,A,36 ,PHE,CA    ,  0.337,    nan,    nan,    nan
 ,A,36 ,PHE,C     ,  0.372,    nan,    nan,    nan
 ,A,36 ,PHE,O     ,  0.445,    nan,    nan,    nan
 ,A,36 ,PHE,CB    ,  0.400,    nan,    nan,    nan
 ,A,36 ,PHE,CG    ,  0.342,    nan,    nan,    nan
 ,A,36 ,PHE,CD1   ,  0.270,    nan,    nan,    nan
 ,A,36 ,PHE,CD2   ,  0.357,    nan,    nan,    nan
 ,A,36 ,PHE,CE1   ,  0.210,    nan,    nan,    nan
 ,A,36 ,PHE,CE2   ,  0.263,    nan,    nan,    nan
 ,A,36 ,PHE,CZ    ,  0.196,    nan,    nan,    nan
x,A,36 ,PHE,H     ,  0.325,  0.312,  0.000,  0.014
 ,A,36 ,PHE,HA    ,  0.293,    nan,    nan,    nan
 ,A,37 ,PRO,N     ,  0.321,    nan,    nan,    nan
 ,A,37 ,PRO,CA    ,  0.327,    nan,    nan,    nan
 ,A,37 ,PRO,C     ,  0.338,    nan,    nan,    nan
 ,A,37 ,PRO,O     ,  0.358,    nan,    nan,    nan
 ,A,37 ,PRO,CB    ,  0.268,    nan,    nan,    nan
 ,A,37 ,PRO,CG    ,  0.234,    nan,    nan,    nan
 ,A,37 ,PRO,CD    ,  0.259,    nan,    nan,    nan
 ,A,37 ,PRO,HA    ,  0.368,    nan,    nan,    nan
x,A,38 ,SER,N     ,  0.321,  0.253,  0.000,  0.068
 ,A,38 ,SER,CA    ,  0.320,    nan,    nan,    nan
 ,A,38 ,SER,C     ,  0.385,    nan,    nan,    nan
 ,A,38 ,SER,O     ,  0.380,    nan,    nan,    nan
 ,A,38 ,SER,CB    ,  0.284,    nan,    nan,    nan
 ,A,38 ,SER,OG    ,  0.296,    nan,    nan,    nan
x,A,38 ,SER,H     ,  0.303,  0.281,  0.000,  0.022
 ,A,38 ,SER,HA    ,  0.298,    nan,    nan,    nan
x,A,39 ,LEU,N     ,  0.452,  0.367,  0.000,  0.084
 ,A,39 ,LEU,CA    ,  0.548,    nan,    nan,    nan
 ,A,39 ,LEU,C     ,  0.576,    nan,    nan,    nan
 ,A,39 ,LEU,O     ,  0.638,    nan,    nan,    nan
 ,A,39 ,LEU,CB    ,  0.650,    nan,    nan,    nan
 ,A,39 ,LEU,CG    ,  0.628,    nan,    nan,    nan
 ,A,39 ,LEU,CD1   ,  0.763,    nan,    nan,    nan
 ,A,39 ,LEU,CD2   ,  0.602,    nan,    nan,    nan
x,A,39 ,LEU,H     ,  0.441,  0.401,  0.000,  0.040
 ,A,39 ,LEU,HA    ,  0.526,    nan,    nan,    nan
x,A,40 ,LEU,N     ,  0.528,  0.432,  0.000,  0.097
 ,A,40 ,LEU,CA    ,  0.527,    nan,    nan,    nan
 ,A,40 ,LEU,C     ,  0.438,    nan,    nan,    nan
 ,A,40 ,LEU,O     ,  0.418,    nan,    nan,    nan
 ,A,40 ,LEU,CB    ,  0.518,    nan,    nan,    nan
 ,A,40 ,LEU,CG    ,  0.611,    nan,    nan,    nan
 ,A,40 ,LEU,CD1   ,  0.536,    nan,    nan,    nan
 ,A,40 ,LEU,CD2   ,  0.745,    nan,    nan,    nan
x,A,40 ,LEU,H     ,  0.481,  0.443,  0.000,  0.038
 ,A,40 ,LEU,HA    ,  0.598,    nan,    nan,    nan
x,A,41 ,LYS,N     ,  0.395,  0.339,  0.000,  0.055
 ,A,41 ,LYS,CA    ,  0.330,    nan,    nan,    nan
 ,A,41 ,LYS,C     ,  0.317,    nan,    nan,    nan
 ,A,41 ,LYS,O     ,  0.270,    nan,    nan,    nan
 ,A,41 ,LYS,CB    ,  0.289,    nan,    nan,    nan
 ,A,41 ,LYS,CG    ,  0.288,    nan,    nan,    nan
 ,A,41 ,LYS,CD    ,  0.292,    nan,    nan,    nan
 ,A,41 ,LYS,CE    ,  0.261,    nan,    nan,    nan
 ,A,41 ,LYS,NZ    ,  0.242,    nan,    nan,    nan
x,A,41 ,LYS,H     ,  0.410,  0.375,  0.000,  0.035
 ,A,41 ,LYS,HA    ,  0.317,    nan,    nan,    nan
x,A,42 ,GLY,N     ,  0.359,  0.286,  0.000,  0.073
 ,A,42 ,GLY,CA    ,  0.332,    nan,    nan,    nan
 ,A,42 ,GLY,C     ,  0.344,    nan,    nan,    nan
 ,A,42 ,GLY,O     ,  0.362,    nan,    nan,    nan
x,A,42 ,GLY,H     ,  0.413,  0.319,  0.000,  0.095
 ,A,42 ,GLY,HA1   ,  0.285,    nan,    nan,    nan
 ,A,42 ,GLY,HA2   ,  0.350,    nan,    nan,    nan
x,A,43 ,GLY,N     ,  0.324,  0.280,  0.000,  0.044
 ,A,43 ,GLY,CA    ,  0.287,    nan,    nan,    nan
 ,A,43 ,GLY,C     ,  0.330,    nan,    nan,    nan
 ,A,43 ,GLY,O     ,  0.285,    nan,    nan,    nan
x,A,43 ,GLY,H     ,  0.326,  0.293,  0.000,  0.033
 ,A,43 ,GLY,HA1   ,  0.248,    nan,    nan,    nan
 ,A,43 ,GLY,HA2   ,  0.266,    nan,    nan,    nan
x,A,44 ,SER,N     ,  0.419,  0.516,  0.000,  0.096
 ,A,44 ,SER,CA    ,  0.478,    nan,    nan,    nan
 ,A,44 ,SER,C     ,  0.514,    nan,    nan,    nan
 ,A,44 ,SER,O     ,  0.542,    nan,    nan,    nan
 ,A,44 ,SER,CB    ,  0.619,    nan,    nan,    nan
 ,A,44 ,SER,OG    ,  0.555,    nan,    nan,    nan
x,A,44 ,SER,H     ,  0.455,  0.398,  0.000,  0.057
 ,A,44 ,SER,HA    ,  0.401,    nan,    nan,    nan
x,A,45 ,THR,N     ,  0.496,  0.499,  0.000,  0.003
 ,A,45 ,THR,CA    ,  0.529,    nan,    nan,    nan
 ,A,45 ,THR,C     ,  0.716,    nan,    nan,    nan
 ,A,45 ,THR,O     ,  0.838,    nan,    nan,    nan
 ,A,45 ,THR,CB    ,  0.439,    nan,    nan,    nan
 ,A,45 ,THR,CG2   ,  0.326,    nan,    nan,    nan
 ,A,45 ,THR,OG1   ,  0.461,    nan,    nan,    nan
x,A,45 ,THR,H     ,  0.441,  0.483,  0.000,  0.041
 ,A,45 ,THR,HA    ,  0.494,    nan,    nan,    nan
x,A,46 ,LEU,N     ,  0.753,  0.764,  0.000,  0.012
 ,A,46 ,LEU,CA    ,  0.989,    nan,    nan,    nan
 ,A,46 ,LEU,C     ,  1.129,    nan,    nan,    nan
 ,A,46 ,LEU,O     ,  1.507,    nan,    nan,    nan
 ,A,46 ,LEU,CB    ,  0.900,    nan,    nan,    nan
 ,A,46 ,LEU,CG    ,  1.041,    nan,    nan,    nan
 ,A,46 ,LEU,CD1   ,  1.061,    nan,    nan,    nan
 ,A,46 ,LEU,CD2   ,  1.340,    nan,    nan,    nan
x,A,46 ,LEU,H     ,  0.644,  0.649,  0.000,  0.006
 ,A,46 ,LEU,HA    ,  1.132,    nan,    nan,    nan
x,A,47 ,ASP,N     ,  0.900,  0.892,  0.000,  0.008
 ,A,47 ,ASP,CA    ,  0.878,    nan,    nan,    nan
 ,A,47 ,ASP,C     ,  0.910,    nan,    nan,    nan
 ,A,47 ,ASP,O     ,  1.067,    nan,    nan,    nan
 ,A,47 ,ASP,CB    ,  0.572,    nan,    nan,    nan
 ,A,47 ,ASP,CG    ,  0.539,    nan,    nan,    nan
 ,A,47 ,ASP,OD1   ,  0.652,    nan,    nan,    nan
 ,A,47 ,ASP,OD2   ,  0.394,    nan,    nan,    nan
x,A,47 ,ASP,H     ,  0.735,  0.713,  0.000,  0.021
 ,A,47 ,ASP,HA    ,  1.055,    nan,    nan,    nan
x,A,48 ,GLU,N     ,  0.763,  0.781,  0.000,  0.018
 ,A,48 ,GLU,CA    ,  0.698,    nan,    nan,    nan
 ,A,48 ,GLU,C     ,  1.055,    nan,    nan,    nan
 ,A,48 ,GLU,O     ,  1.075,    nan,    nan,    nan
 ,A,48 ,GLU,CB    ,  0.504,    nan,    nan,    nan
 ,A,48 ,GLU,CG    ,  0.306,    nan,    nan,    nan
 ,A,48 ,GLU,CD    ,  0.252,    nan,    nan,    nan
 ,A,48 ,GLU,OE1   ,  0.316,    nan,    nan,    nan
 ,A,48 ,GLU,OE2   ,  0.149,    nan,    nan,    nan
x,A,48 ,GLU,H     ,  0.683,  0.703,  0.000,  0.020
 ,A,48 ,GLU,HA    ,  0.522,    nan,    nan,    nan
x,A,49 ,LEU,N     ,  1.301,  1.336,  0.000,  0.035
 ,A,49 ,LEU,CA    ,  1.765,    nan,    nan,    nan
 ,A,49 ,LEU,C     ,  2.654,    nan,    nan,    nan
 ,A,49 ,LEU,O     ,  3.338,    nan,    nan,    nan
 ,A,49 ,LEU,CB    ,  1.636,    nan,    nan,    nan
 ,A,49 ,LEU,CG    ,  1.691,    nan,    nan,    nan
 ,A,49 ,LEU,CD1   ,  1.647,    nan,    nan,    nan
 ,A,49 ,LEU,CD2   ,  1.247,    nan,    nan,    nan
x,A,49 ,LEU,H     ,  1.143,  1.182,  0.000,  0.039
 ,A,49 ,LEU,HA    ,  1.660,    nan,    nan,    nan
x,A,50 ,PHE,N     ,  2.746,  2.747,  0.000,  0.001
 ,A,50 ,PHE,CA    ,  4.039,    nan,    nan,    nan
 ,A,50 ,PHE,C     ,  4.278,    nan,    nan,    nan
 ,A,50 ,PHE,O     ,  6.902,    nan,    nan,    nan
 ,A,50 ,PHE,CB    ,  3.319,    nan,    nan,    nan
 ,A,50 ,PHE,CG    ,  4.579,    nan,    nan,    nan
 ,A,50 ,PHE,CD1   ,  5.331,    nan,    nan,    nan
 ,A,50 ,PHE,CD2   ,  4.154,    nan,    nan,    nan
 ,A,50 ,PHE,CE1   ,  6.084,    nan,    nan,    nan
 ,A,50 ,PHE,CE2   ,  5.227,    nan,    nan,    nan
 ,A,50 ,PHE,CZ    ,  6.601,    nan,    nan,    nan
x,A,50 ,PHE,H     ,  2.161,  2.145,  0.000,  0.016
 ,A,50 ,PHE,HA    ,  5.234,    nan,    nan,    nan
x,A,51 ,GLU,N     ,  2.245,  2.268,  0.000,  0.023
 ,A,51 ,GLU,CA    ,  0.822,    nan,    nan,    nan
 ,A,51 ,GLU,C     ,  0.589,    nan,    nan,    nan
 ,A,51 ,GLU,O     , -1.193,    nan,    nan,    nan
 ,A,51 ,GLU,CB    ,  0.025,    nan,    nan,    nan
 ,A,51 ,GLU,CG    ,  0.005,    nan,    nan,    nan
 ,A,51 ,GLU,CD    , -0.529,    nan,    nan,    nan
 ,A,51 ,GLU,OE1   , -0.248,    nan,    nan,    nan
 ,A,51 ,GLU,OE2   , -1.000,    nan,    nan,    nan
x,A,51 ,GLU,H     ,  1.778,  1.763,  0.000,  0.016
 ,A,51 ,GLU,HA    ,  0.370,    nan,    nan,    nan
 ,A,52 ,GLU,N     ,  1.380,    nan,    nan,    nan
 ,A,52 ,GLU,CA    ,  1.201,    nan,    nan,    nan
 ,A,52 ,GLU,C     ,  2.589,    nan,    nan,    nan
 ,A,52 ,GLU,O     ,  1.716,    nan,    nan,    nan
 ,A,52 ,GLU,CB    ,  1.322,    nan,    nan,    nan
 ,A,52 ,GLU,CG    ,  0.948,    nan,    nan,    nan
 ,A,52 ,GLU,CD    ,  0.953,    nan,    nan,    nan
 ,A,52 ,GLU,OE1   ,  0.986,    nan,    nan,    nan
 ,A,52 ,GLU,OE2   ,  0.827,    nan,    nan,    nan
 ,A,52 ,GLU,H     ,  1.674,    nan,    nan,    nan
 ,A,52 ,GLU,HA    ,  0.016,    nan,    nan,    nan
 ,A,53 ,LEU,N     ,  5.451,    nan,    nan,    nan
 ,A,53 ,LEU,CA    ,  9.466,    nan,    nan,    nan
 ,A,53 ,LEU,C     , 18.496,    nan,    nan,    nan
 ,A,53 ,LEU,O     , 23.761,    nan,    nan,    nan
 ,A,53 ,LEU,CB    ,  9.708,    nan,    nan,    nan
 ,A,53 ,LEU,CG    ,  5.642,    nan,    nan,    nan
 ,A,53 ,LEU,CD1   ,  4.959,    nan,    nan,    nan
 ,A,53 ,LEU,CD2   ,  4.226,    nan,    nan,    nan
 ,A,53 ,LEU,H     ,  5.120,    nan,    nan,    nan
 ,A,53 ,LEU,HA    ,  7.137,    nan,    nan,    nan
 ,A,54 ,ASP,N     , 17.486,    nan,    nan,    nan
 ,A,54 ,ASP,CA    , 21.958,    nan,    nan,    nan
 ,A,54 ,ASP,C     ,-25.230,    nan,    nan,    nan
 ,A,54 ,ASP,O     ,-27.769,    nan,    nan,    nan
 ,A,54 ,ASP,CB    , 17.187,    nan,    nan,    nan
 ,A,54 ,ASP,CG    , -6.494,    nan,    nan,    nan
 ,A,54 ,ASP,OD1   ,-85.966,    nan,    nan,    nan
 ,A,54 ,ASP,OD2   , -5.163,    nan,    nan,    nan
 ,A,54 ,ASP,H     , 10.852,    nan,    nan,    nan
 ,A,54 ,ASP,HA    , 93.286,    nan,    nan,    nan
 ,A,55 ,LYS,N     ,-29.930,    nan,    nan,    nan
 ,A,55 ,LYS,CA    ,-26.196,    nan,    nan,    nan
 ,A,55 ,LYS,C     ,-36.757,    nan,    nan,    nan
 ,A,55 ,LYS,O     ,-19.835,    nan,    nan,    nan
 ,A,55 ,LYS,CB    ,-11.506,    nan,    nan,    nan
 ,A,55 ,LYS,CG    , -2.675,    nan,    nan,    nan
 ,A,55 ,LYS,CD    ,  0.355,    nan,    nan,    nan
 ,A,55 ,LYS,CE    ,  1.324,    nan,    nan,    nan
 ,A,55 ,LYS,NZ    ,  1.905,    nan,    nan,    nan
 ,A,55 ,LYS,H     , -5.238,    nan,    nan,    nan
 ,A,55 ,LYS,HA    ,-15.675,    nan,    nan,    nan
 ,A,56 ,ASP,N     ,-65.934,    nan,    nan,    nan
 ,A,56 ,ASP,CA    ,-24.630,    nan,    nan,    nan
 ,A,56 ,ASP,C     ,-26.202,    nan,    nan,    nan
 ,A,56 ,ASP,O     , -8.655,    nan,    nan,    nan
 ,A,56 ,ASP,CB    , 11.744,    nan,    nan,    nan
 ,A,56 ,ASP,CG    , 83.565,    nan,    nan,    nan
 ,A,56 ,ASP,OD1   ,364.553,    nan,    nan,    nan
 ,A,56 ,ASP,OD2   , 59.095,    nan,    nan,    nan
 ,A,56 ,ASP,H     ,-137.171,    nan,    nan,    nan
 ,A,56 ,ASP,HA    ,-13.626,    nan,    nan,    nan
 ,A,57 ,GLY,N     ,-40.472,    nan,    nan,    nan
 ,A,57 ,GLY,CA    ,-19.371,    nan,    nan,    nan
 ,A,57 ,GLY,C     , -9.802,    nan,    nan,    nan
 ,A,57 ,GLY,O     , -4.804,    nan,    nan,    nan
 ,A,57 ,GLY,H     ,-66.941,    nan,    nan,    nan
 ,A,57 ,GLY,HA1   ,-12.719,    nan,    nan,    nan
 ,A,57 ,GLY,HA2   ,-19.145,    nan,    nan,    nan
 ,A,58 ,ASP,N     , -6.848,    nan,    nan,    nan
 ,A,58 ,ASP,CA    ,  2.825,    nan,    nan,    nan
 ,A,58 ,ASP,C     ,  2.313,    nan,    nan,    nan
 ,A,58 ,ASP,O     ,  2.329,    nan,    nan,    nan
 ,A,58 ,ASP,CB    , 11.171,    nan,    nan,    nan
 ,A,58 ,ASP,CG    , 28.253,    nan,    nan,    nan
 ,A,58 ,ASP,OD1   , 29.743,    nan,    nan,    nan
 ,A,58 ,ASP,OD2   , 28.200,    nan,    nan,    nan
 ,A,58 ,ASP,H     ,-17.481,    nan,    nan,    nan
 ,A,58 ,ASP,HA    ,  1.293,    nan,    nan,    nan
 ,A,59 ,GLY,N     ,  1.317,    nan,    nan,    nan
 ,A,59 ,GLY,CA    ,  2.316,    nan,    nan,    nan
 ,A,59 ,GLY,C     ,  4.047,    nan,    nan,    nan
 ,A,59 ,GLY,O     ,  2.739,    nan,    nan,    nan
 ,A,59 ,GLY,H     , -1.847,    nan,    nan,    nan
 ,A,59 ,GLY,HA1   ,  1.418,    nan,    nan,    nan
 ,A,59 ,GLY,HA2   ,  2.064,    nan,    nan,    nan
 ,A,60 ,GLU,N     ,  6.144,    nan,    nan,    nan
 ,A,60 ,GLU,CA    ,  1.094,    nan,    nan,    nan
 ,A,60 ,GLU,C     ,  2.479,    nan,    nan,    nan
 ,A,60 ,GLU,O     , 23.313,    nan,    nan,    nan
 ,A,60 ,GLU,CB    , -6.153,    nan,    nan,    nan
 ,A,60 ,GLU,CG    , -2.039,    nan,    nan,    nan
 ,A,60 ,GLU,CD    , -1.371,    nan,    nan,    nan
 ,A,60 ,GLU,OE1   , -2.096,    nan,    nan,    nan
 ,A,60 ,GLU,OE2   , -0.591,    nan,    nan,    nan
 ,A,60 ,GLU,H     ,  9.660,    nan,    nan,    nan
 ,A,60 ,GLU,HA    ,  1.726,    nan,    nan,    nan
 ,A,61 ,VAL,N     ,  0.256,    nan,    nan,    nan
 ,A,61 ,VAL,CA    ,  1.587,    nan,    nan,    nan
 ,A,61 ,VAL,C     ,-12.821,    nan,    nan,    nan
 ,A,61 ,VAL,O     , -8.200,    nan,    nan,    nan
 ,A,61 ,VAL,CB    ,  8.811,    nan,    nan,    nan
 ,A,61 ,VAL,CG1   ,  6.094,    nan,    nan,    nan
 ,A,61 ,VAL,CG2   , 16.980,    nan,    nan,    nan
 ,A,61 ,VAL,H     , -0.324,    nan,    nan,    nan
 ,A,61 ,VAL,HA    , 14.309,    nan,    nan,    nan
 ,A,62 ,SER,N     ,-28.107,    nan,    nan,    nan
 ,A,62 ,SER,CA    ,-19.961,    nan,    nan,    nan
 ,A,62 ,SER,C     , -9.642,    nan,    nan,    nan
 ,A,62 ,SER,O     , -6.174,    nan,    nan,    nan
 ,A,62 ,SER,CB    ,-23.832,    nan,    nan,    nan
 ,A,62 ,SER,OG    ,-23.088,    nan,    nan,    nan
 ,A,62 ,SER,H     ,-47.706,    nan,    nan,    nan
 ,A,62 ,SER,HA    ,-16.062,    nan,    nan,    nan
 ,A,63 ,PHE,N     , -6.846,    nan,    nan,    nan
 ,A,63 ,PHE,CA    , -3.836,    nan,    nan,    nan
 ,A,63 ,PHE,C     , -3.151,    nan,    nan,    nan
 ,A,63 ,PHE,O     , -1.730,    nan,    nan,    nan
 ,A,63 ,PHE,CB    , -2.876,    nan,    nan,    nan
 ,A,63 ,PHE,CG    , -1.792,    nan,    nan,    nan
 ,A,63 ,PHE,CD1   , -1.326,    nan,    nan,    nan
 ,A,63 ,PHE,CD2   , -1.437,    nan,    nan,    nan
 ,A,63 ,PHE,CE1   , -0.849,    nan,    nan,    nan
 ,A,63 ,PHE,CE2   , -0.955,    nan,    nan,    nan
 ,A,63 ,PHE,CZ    , -0.756,    nan,    nan,    nan
 ,A,63 ,PHE,H     , -7.191,    nan,    nan,    nan
 ,A,63 ,PHE,HA    , -3.002,    nan,    nan,    nan
 ,A,64 ,GLU,N     , -4.189,    nan,    nan,    nan
 ,A,64 ,GLU,CA    , -2.531,    nan,    nan,    nan
 ,A,64 ,GLU,C     , -1.397,    nan,    nan,    nan
 ,A,64 ,GLU,O     , -0.011,    nan,    nan,    nan
 ,A,64 ,GLU,CB    , -2.737,    nan,    nan,    nan
 ,A,64 ,GLU,CG    , -1.277,    nan,    nan,    nan
 ,A,64 ,GLU,CD    , -1.100,    nan,    nan,    nan
 ,A,64 ,GLU,OE1   , -0.613,    nan,    nan,    nan
 ,A,64 ,GLU,OE2   , -1.047,    nan,    nan,    nan
 ,A,64 ,GLU,H     , -5.882,    nan,    nan,    nan
 ,A,64 ,GLU,HA    , -1.610,    nan,    nan,    nan
 ,A,65 ,GLU,N     , -2.234,    nan,    nan,    nan
 ,A,65 ,GLU,CA    ,  2.530,    nan,    nan,    nan
 ,A,65 ,GLU,C     ,  3.275,    nan,    nan,    nan
 ,A,65 ,GLU,O     ,  4.262,    nan,    nan,    nan
 ,A,65 ,GLU,CB    ,  9.126,    nan,    nan,    nan
 ,A,65 ,GLU,CG    ,  9.080,    nan,    nan,    nan
 ,A,65 ,GLU,CD    , 44.345,    nan,    nan,    nan
 ,A,65 ,GLU,OE1   ,-58.813,    nan,    nan,    nan
 ,A,65 ,GLU,OE2   ,158.296,    nan,    nan,    nan
 ,A,65 ,GLU,H     , -6.395,    nan,    nan,    nan
 ,A,65 ,GLU,HA    ,  3.210,    nan,    nan,    nan
 ,A,66 ,PHE,N     ,  1.476,    nan,    nan,    nan
 ,A,66 ,PHE,CA    ,  1.535,    nan,    nan,    nan
 ,A,66 ,PHE,C     ,  1.145,    nan,    nan,    nan
 ,A,66 ,PHE,O     ,  1.230,    nan,    nan,    nan
 ,A,66 ,PHE,CB    ,  0.319,    nan,    nan,    nan
 ,A,66 ,PHE,CG    ,  0.499,    nan,    nan,    nan
 ,A,66 ,PHE,CD1   ,  1.000,    nan,    nan,    nan
 ,A,66 ,PHE,CD2   ,  0.143,    nan,    nan,    nan
 ,A,66 ,PHE,CE1   ,  0.796,    nan,    nan,    nan
 ,A,66 ,PHE,CE2   ,  0.221,    nan,    nan,    nan
 ,A,66 ,PHE,CZ    ,  0.451,    nan,    nan,    nan
 ,A,66 ,PHE,H     , -0.574,    nan,    nan,    nan
 ,A,66 ,PHE,HA    ,  2.716,    nan,    nan,    nan
 ,A,67 ,GLN,N     ,  0.660,    nan,    nan,    nan
 ,A,67 ,GLN,CA    ,  0.518,    nan,    nan,    nan
 ,A,67 ,GLN,C     ,  0.835,    nan,    nan,    nan
 ,A,67 ,GLN,O     ,  0.647,    nan,    nan,    nan
 ,A,67 ,GLN,CB    ,  0.259,    nan,    nan,    nan
 ,A,67 ,GLN,CG    , -0.195,    nan,    nan,    nan
 ,A,67 ,GLN,CD    , -0.302,    nan,    nan,    nan
 ,A,67 ,GLN,NE2   , -0.158,    nan,    nan,    nan
 ,A,67 ,GLN,OE1   , -0.522,    nan,    nan,    nan
 ,A,67 ,GLN,H     ,  0.304,    nan,    nan,    nan
 ,A,68 ,VAL,N     ,  1.296,    nan,    nan,    nan
 ,A,68 ,VAL,CA    ,  1.298,    nan,    nan,    nan
 ,A,68 ,VAL,C     ,  1.166,    nan,    nan,    nan
 ,A,68 ,VAL,O     ,  0.947,    nan,    nan,    nan
 ,A,68 ,VAL,CB    ,  1.817,    nan,    nan,    nan
 ,A,68 ,VAL,CG1   ,  1.786,    nan,    nan,    nan
 ,A,68 ,VAL,CG2   ,  1.556,    nan,    nan,    nan
 ,A,68 ,VAL,H     ,  1.667,    nan,    nan,    nan
 ,A,68 ,VAL,HA    ,  0.996,    nan,    nan,    nan
x,A,69 ,LEU,N     ,  1.239,  1.313,  0.000,  0.074
 ,A,69 ,LEU,CA    ,  1.057,    nan,    nan,    nan
 ,A,69 ,LEU,C     ,  0.733,    nan,    nan,    nan
 ,A,69 ,LEU,O     ,  0.639,    nan,    nan,    nan
 ,A,69 ,LEU,CB    ,  1.184,    nan,    nan,    nan
 ,A,69 ,LEU,CG    ,  1.626,    nan,    nan,    nan
 ,A,69 ,LEU,CD1   ,  1.584,    nan,    nan,    nan
 ,A,69 ,LEU,CD2   ,  1.497,    nan,    nan,    nan
x,A,69 ,LEU,H     ,  1.388,  1.388,  0.000,  0.000
 ,A,69 ,LEU,HA    ,  1.073,    nan,    nan,    nan
x,A,70 ,VAL,N     ,  0.608,  0.565,  0.000,  0.043
 ,A,70 ,VAL,CA    ,  0.414,    nan,    nan,    nan
 ,A,70 ,VAL,C     ,  0.380,    nan,    nan,    nan
 ,A,70 ,VAL,O     ,  0.310,    nan,    nan,    nan
 ,A,70 ,VAL,CB    ,  0.296,    nan,    nan,    nan
 ,A,70 ,VAL,CG1   ,  0.186,    nan,    nan,    nan
 ,A,70 ,VAL,CG2   ,  0.264,    nan,    nan,    nan
x,A,70 ,VAL,H     ,  0.660,  0.623,  0.000,  0.037
 ,A,70 ,VAL,HA    ,  0.383,    nan,    nan,    nan
x,A,71 ,LYS,N     ,  0.413,  0.441,  0.000,  0.028
 ,A,71 ,LYS,CA    ,  0.345,    nan,    nan,    nan
 ,A,71 ,LYS,C     ,  0.352,    nan,    nan,    nan
 ,A,71 ,LYS,O     ,  0.292,    nan,    nan,    nan
 ,A,71 ,LYS,CB    ,  0.343,    nan,    nan,    nan
 ,A,71 ,LYS,CG    ,  0.284,    nan,    nan,    nan
 ,A,71 ,LYS,CD    ,  0.297,    nan,    nan,    nan
 ,A,71 ,LYS,CE    ,  0.338,    nan,    nan,    nan
 ,A,71 ,LYS,NZ    ,  0.335,    nan,    nan,    nan
x,A,71 ,LYS,H     ,  0.482,  0.470,  0.000,  0.012
 ,A,71 ,LYS,HA    ,  0.281,    nan,    nan,    nan
x,A,72 ,LYS,N     ,  0.431,  0.480,  0.000,  0.049
 ,A,72 ,LYS,CA    ,  0.434,    nan,    nan,    nan
 ,A,72 ,LYS,C     ,  0.383,    nan,    nan,    nan
 ,A,72 ,LYS,O     ,  0.333,    nan,    nan,    nan
 ,A,72 ,LYS,CB    ,  0.543,    nan,    nan,    nan
 ,A,72 ,LYS,CG    ,  0.605,    nan,    nan,    nan
 ,A,72 ,LYS,CD    ,  0.658,    nan,    nan,    nan
 ,A,72 ,LYS,CE    ,  0.872,    nan,    nan,    nan
 ,A,72 ,LYS,NZ    ,  0.893,    nan,    nan,    nan
x,A,72 ,LYS,H     ,  0.506,  0.565,  0.000,  0.059
 ,A,72 ,LYS,HA    ,  0.387,    nan,    nan,    nan
x,A,73 ,ILE,N     ,  0.391,  0.425,  0.000,  0.033
 ,A,73 ,ILE,CA    ,  0.329,    nan,    nan,    nan
 ,A,73 ,ILE,C     ,  0.250,    nan,    nan,    nan
 ,A,73 ,ILE,O     ,  0.214,    nan,    nan,    nan
 ,A,73 ,ILE,CB    ,  0.342,    nan,    nan,    nan
 ,A,73 ,ILE,CG1   ,  0.446,    nan,    nan,    nan
 ,A,73 ,ILE,CG2   ,  0.248,    nan,    nan,    nan
 ,A,73 ,ILE,CD1   ,  0.493,    nan,    nan,    nan
x,A,73 ,ILE,H     ,  0.440,  0.424,  0.000,  0.016
 ,A,73 ,ILE,HA    ,  0.331,    nan,    nan,    nan
x,A,74 ,SER,N     ,  0.233,  0.259,  0.000,  0.026
 ,A,74 ,SER,CA    ,  0.180,    nan,    nan,    nan
 ,A,74 ,SER,C     ,  0.168,    nan,    nan,    nan
 ,A,74 ,SER,O     ,  0.138,    nan,    nan,    nan
 ,A,74 ,SER,CB    ,  0.170,    nan,    nan,    nan
 ,A,74 ,SER,OG    ,  0.155,    nan,    nan,    nan
x,A,74 ,SER,H     ,  0.267,  0.271,  0.000,  0.004
 ,A,74 ,SER,HA    ,  0.155,    nan,    nan,    nan
x,A,75 ,GLN,N     ,  0.196,  0.178,  0.000,  0.018
 ,A,75 ,GLN,CA    ,  0.182,    nan,    nan,    nan
 ,A,75 ,GLN,C     ,  0.181,    nan,    nan,    nan
 ,A,75 ,GLN,O     ,  0.209,    nan,    nan,    nan
 ,A,75 ,GLN,CB    ,  0.198,    nan,    nan,    nan
 ,A,75 ,GLN,CG    ,  0.176,    nan,    nan,    nan
 ,A,75 ,GLN,CD    ,  0.200,    nan,    nan,    nan
 ,A,75 ,GLN,NE2   ,  0.208,    nan,    nan,    nan
 ,A,75 ,GLN,OE1   ,  0.209,    nan,    nan,    nan
 ,A,75 ,GLN,OXT   ,  0.154,    nan,    nan,    nan
x,A,75 ,GLN,H     ,  0.228,  0.196,  0.000,  0.033
 ,A,75 ,GLN,HA    ,  0.156,    nan,    nan,    nan
 ,A,76 , CA,CA    , -1.084,    nan,    nan,    nan
 ,A,77 , CA,CA    ,152.390,    nan,    nan,    nan
